ACCIDENT_DATE,ACCIDENT_TIME,ALCOHOLTIME,ACCIDENT_TYPE,DCA_CODE,HIT_RUN_FLAG,LIGHT_CONDITION,POLICE_ATTEND,ROAD_GEOMETRY,SEVERITY,SPEED_ZONE,LONGITUDE,LATITUDE,LGA_NAME,REGION_NAME,TOTAL_PERSONS,INJ_OR_FATAL,FATALITY,SERIOUSINJURY,OTHERINJURY,NONINJURED,MALES,FEMALES,BICYCLIST,PASSENGER,DRIVER,PEDESTRIAN,PILLION,MOTORIST,UNKNOWN,PED_CYCLIST_5_12,PED_CYCLIST_13_18,OLD_PEDESTRIAN,OLD_DRIVER,YOUNG_DRIVER,ALCOHOL_RELATED,UNLICENCSED,NO_OF_VEHICLES,HEAVYVEHICLE,PASSENGERVEHICLE,MOTORCYCLE,PUBLICVEHICLE,DEG_URBAN_NAME
1/07/2010,19.20.00,Yes,Collision with a fixed object,OFF END OF ROAD/T-INTERSECTION.,No,Dark No street lights,Yes,T intersection,Other injury accident,100 km/hr,142.78098,-38.19113,MOYNE,SOUTH WESTERN REGION,1,1,0,0,1,0,1,0,0,0,1,0,0,0,0,0,0,0,0,0,No,0,1,0,1,0,0,Country
6/07/2010,12.10.00,No,Collision with vehicle,PULLING OUT (OVERTAKING),No,Day,Yes,T intersection,Other injury accident,100 km/hr,142.67391,-38.15693,MOYNE,SOUTH WESTERN REGION,3,2,0,0,2,1,1,2,0,1,2,0,0,0,0,0,0,0,0,0,No,0,2,1,1,0,0,Country
11/07/2010,06.15.00,Yes,Collision with a fixed object,LEFT OFF CARRIAGEWAY INTO OBJECT/PARKED VEHICLE,No,Dusk/Dawn,Yes,Not at intersection,Other injury accident,100 km/hr,142.10875,-37.99063,MOYNE,SOUTH WESTERN REGION,1,1,0,0,1,0,1,0,0,0,1,0,0,0,0,0,0,0,0,1,Yes,0,1,0,1,0,0,Country
16/07/2010,08.40.00,No,Collision with a fixed object,RIGHT OFF CARRIAGEWAY INTO OBJECT/PARKED VEHICLE,No,Day,Yes,Not at intersection,Other injury accident,70 km/hr,142.45693,-38.24197,MOYNE,SOUTH WESTERN REGION,3,1,0,0,1,2,0,3,0,2,1,0,0,0,0,0,0,0,0,0,No,0,1,0,1,0,0,Country
23/07/2010,11.00.00,No,Collision with vehicle,RIGHT REAR.,No,Day,Yes,T intersection,Other injury accident,60 km/hr,142.2336,-38.36792,MOYNE,SOUTH WESTERN REGION,3,1,0,0,1,2,3,0,0,0,3,0,0,0,0,0,0,0,0,1,No,0,3,0,3,0,0,Other Towns
3/08/2010,10.00.00,No,No collision and no object struck,OFF CARRIAGEWAY TO LEFT,No,Day,Yes,Not at intersection,Serious injury accident,100 km/hr,142.48254,-37.92834,MOYNE,SOUTH WESTERN REGION,1,1,0,1,0,0,1,0,0,0,0,0,0,1,0,0,0,0,0,0,No,0,1,0,0,1,0,Country
11/08/2010,06.20.00,No,Collision with a fixed object,RIGHT OFF CARRIAGEWAY INTO OBJECT/PARKED VEHICLE,No,Dark No street lights,Yes,Not at intersection,Other injury accident,100 km/hr,142.57674,-38.38708,MOYNE,SOUTH WESTERN REGION,2,1,0,0,1,1,1,1,0,0,2,0,0,0,0,0,0,0,0,1,No,0,2,1,1,0,0,Country
11/08/2010,11.30.00,No,No collision and no object struck,OFF CARRIAGEWAY TO RIGHT,No,Unk.,No,Not at intersection,Other injury accident,100 km/hr,141.92434,-38.25623,MOYNE,SOUTH WESTERN REGION,1,1,0,0,1,0,1,0,0,0,1,0,0,0,0,0,0,0,0,1,No,0,1,0,1,0,0,Country
13/08/2010,06.20.00,No,Collision with a fixed object,OFF RIGHT BEND INTO OBJECT/PARKED VEHICLE,No,Dark No street lights,Yes,Not at intersection,Other injury accident,100 km/hr,142.81086,-38.39145,MOYNE,SOUTH WESTERN REGION,1,1,0,0,1,0,1,0,0,0,1,0,0,0,0,0,0,0,0,1,No,0,1,0,0,0,0,Country
19/08/2010,18.00.00,Yes,Collision with vehicle,HEAD ON (NOT OVERTAKING),No,Dark No street lights,Yes,Not at intersection,Serious injury accident,100 km/hr,142.86015,-38.59957,MOYNE,SOUTH WESTERN REGION,5,2,0,1,1,3,3,2,0,3,2,0,0,0,0,0,0,0,0,0,No,0,2,0,2,0,0,Country
19/08/2010,06.00.00,Yes,Vehicle overturned (no collision),OFF CARRIAGEWAY TO LEFT,No,Dark No street lights,Yes,Not at intersection,Other injury accident,100 km/hr,142.51972,-37.95437,MOYNE,SOUTH WESTERN REGION,1,1,0,0,1,0,1,0,0,0,1,0,0,0,0,0,0,0,0,0,No,0,1,1,0,0,0,Country
22/08/2010,15.00.00,No,Vehicle overturned (no collision),OUT OF CONTROL ON CARRIAGEWAY (ON STRAIGHT),No,Day,No,Not at intersection,Other injury accident,100 km/hr,142.68798,-38.39565,MOYNE,SOUTH WESTERN REGION,1,1,0,0,1,0,1,0,0,0,0,0,0,1,0,0,0,0,0,0,No,0,1,0,0,1,0,Country
25/08/2010,20.25.00,Yes,Collision with vehicle,CROSS TRAFFIC(INTERSECTIONS ONLY),No,Dark Street lights on,Yes,Cross intersection,Serious injury accident,60 km/hr,142.74976,-38.46933,MOYNE,SOUTH WESTERN REGION,6,3,0,1,2,3,3,3,0,4,2,0,0,0,0,0,0,0,0,1,No,0,2,0,2,0,0,Country
10/09/2010,16.40.00,Yes,Struck Pedestrian,PED ON FOOTHPATH STRUCK BY VEHENTERING/LEAVING DRIVEWAY.,No,Day,Yes,Not at intersection,Serious injury accident,50 km/hr,142.22976,-38.38067,MOYNE,SOUTH WESTERN REGION,2,1,0,1,0,1,0,2,0,0,1,1,0,0,0,0,0,1,0,0,No,0,1,0,1,0,0,Other Towns
20/09/2010,17.15.00,No,Collision with a fixed object,OFF LEFT BEND INTO OBJECT/PARKED VEHICLE,No,Day,Yes,Not at intersection,Serious injury accident,100 km/hr,142.2143,-38.27424,MOYNE,SOUTH WESTERN REGION,1,1,0,1,0,0,0,1,0,0,1,0,0,0,0,0,0,0,0,1,No,0,1,0,1,0,0,Country
5/10/2010,08.20.00,No,Collision with vehicle,RIGHT FAR (INTERSECTIONS ONLY),No,Day,Yes,Cross intersection,Serious injury accident,100 km/hr,142.23836,-38.27703,MOYNE,SOUTH WESTERN REGION,2,2,0,1,1,0,1,1,0,0,2,0,0,0,0,0,0,0,0,0,No,0,2,0,2,0,0,Country
13/10/2010,04.00.00,Yes,Collision with a fixed object,RIGHT OFF CARRIAGEWAY INTO OBJECT/PARKED VEHICLE,No,Dark No street lights,No,Not at intersection,Other injury accident,100 km/hr,142.69983,-38.34113,MOYNE,SOUTH WESTERN REGION,1,1,0,0,1,0,0,1,0,0,1,0,0,0,0,0,0,0,0,0,Yes,0,1,0,1,0,0,Country
18/10/2010,16.20.00,No,Collision with vehicle,CROSS TRAFFIC(INTERSECTIONS ONLY),No,Day,Yes,Cross intersection,Other injury accident,50 km/hr,142.2341,-38.3853,MOYNE,SOUTH WESTERN REGION,4,3,0,0,3,1,2,2,0,2,2,0,0,0,0,0,0,0,1,0,No,0,2,0,2,0,0,Other Towns
6/11/2010,01.50.00,Yes,Collision with a fixed object,LEFT OFF CARRIAGEWAY INTO OBJECT/PARKED VEHICLE,No,Dark No street lights,Yes,Not at intersection,Other injury accident,100 km/hr,142.65784,-38.22629,MOYNE,SOUTH WESTERN REGION,4,2,0,0,2,2,1,3,0,3,1,0,0,0,0,0,0,0,0,1,No,0,1,0,1,0,0,Country
6/11/2010,17.00.00,Yes,Collision with vehicle,CROSS TRAFFIC(INTERSECTIONS ONLY),No,Day,Yes,Cross intersection,Other injury accident,100 km/hr,142.93123,-38.11737,MOYNE,SOUTH WESTERN REGION,5,4,0,0,4,1,2,3,0,3,2,0,0,0,0,0,0,0,0,0,No,0,2,0,2,0,0,Country
7/11/2010,21.03.00,Yes,Collision with a fixed object,LEFT OFF CARRIAGEWAY INTO OBJECT/PARKED VEHICLE,No,Dark No street lights,Yes,Not at intersection,Serious injury accident,100 km/hr,142.78171,-38.35898,MOYNE,SOUTH WESTERN REGION,1,1,0,1,0,0,1,0,0,0,1,0,0,0,0,0,0,0,0,0,Yes,0,1,0,1,0,0,Country
12/11/2010,22.00.00,Yes,Collision with a fixed object,OFF RIGHT BEND INTO OBJECT/PARKED VEHICLE,No,Dark No street lights,Yes,Not at intersection,Serious injury accident,100 km/hr,141.99347,-38.13528,MOYNE,SOUTH WESTERN REGION,1,1,0,1,0,0,1,0,0,0,1,0,0,0,0,0,0,0,0,0,No,0,1,0,1,0,0,Country
15/11/2010,19.00.00,Yes,collision with some other object,STRUCK OBJECT ON CARRIAGEWAY,No,Day,No,Not at intersection,Other injury accident,100 km/hr,142.67251,-38.19334,MOYNE,SOUTH WESTERN REGION,1,1,0,0,1,0,1,0,0,0,1,0,0,0,0,0,0,0,0,0,No,0,1,0,0,0,0,Country
26/11/2010,11.45.00,No,Collision with vehicle,REAR END(VEHICLES IN SAME LANE),No,Day,Yes,Not at intersection,Other injury accident,100 km/hr,142.02535,-38.29863,MOYNE,SOUTH WESTERN REGION,5,3,0,0,3,2,5,0,0,3,2,0,0,0,0,0,0,0,0,0,No,0,2,1,1,0,0,Country
30/12/2010,22.45.00,Yes,Struck animal,STRUCK ANIMAL,No,Dark No street lights,Yes,Not at intersection,Other injury accident,100 km/hr,142.7872,-38.07009,MOYNE,SOUTH WESTERN REGION,1,1,0,0,1,0,0,0,0,0,1,0,0,0,0,0,0,0,0,0,No,0,1,0,1,0,0,Country
31/12/2010,00.05.00,Yes,Collision with a fixed object,LEFT OFF CARRIAGEWAY INTO OBJECT/PARKED VEHICLE,No,Dark No street lights,Yes,Not at intersection,Other injury accident,100 km/hr,142.07029,-38.13937,MOYNE,SOUTH WESTERN REGION,3,1,0,0,1,2,3,0,0,2,1,0,0,0,0,0,0,0,0,0,No,0,1,0,1,0,0,Country
7/01/2011,06.59.00,No,Collision with a fixed object,LEFT OFF CARRIAGEWAY INTO OBJECT/PARKED VEHICLE,No,Dusk/Dawn,Yes,Not at intersection,Serious injury accident,100 km/hr,142.62211,-38.05272,MOYNE,SOUTH WESTERN REGION,1,1,0,1,0,0,1,0,0,0,1,0,0,0,0,0,0,0,0,0,No,0,1,0,1,0,0,Country
17/01/2011,15.00.00,No,Collision with vehicle,HEAD ON(OVERTAKING),No,Day,Yes,Not at intersection,Serious injury accident,100 km/hr,142.14875,-38.36222,MOYNE,SOUTH WESTERN REGION,2,1,0,1,0,1,1,1,0,0,2,0,0,0,0,0,0,0,0,1,No,0,2,2,0,0,0,Country
23/01/2011,12.00.00,No,Vehicle overturned (no collision),OFF CARRIAGEWAY ON LEFT BEND,No,Day,Yes,Not at intersection,Serious injury accident,100 km/hr,142.67324,-38.27152,MOYNE,SOUTH WESTERN REGION,2,1,0,1,0,1,1,0,0,0,2,0,0,0,0,0,0,0,0,0,No,0,2,1,1,0,0,Country
25/01/2011,15.15.00,No,No collision and no object struck,OFF CARRIAGEWAY TO RIGHT,No,Day,Yes,Not at intersection,Serious injury accident,100 km/hr,142.32008,-38.19542,MOYNE,SOUTH WESTERN REGION,1,1,0,1,0,0,0,1,0,0,1,0,0,0,0,0,0,0,0,0,No,0,1,0,1,0,0,Country
31/01/2011,17.10.00,No,Collision with vehicle,HEAD ON (NOT OVERTAKING),No,Day,Yes,Not at intersection,Other injury accident,100 km/hr,142.77119,-38.31041,MOYNE,SOUTH WESTERN REGION,3,3,0,0,3,0,1,2,0,1,2,0,0,0,0,0,0,0,0,0,No,0,2,0,2,0,0,Country
3/02/2011,17.40.00,No,Collision with vehicle,LEFT REAR,No,Day,Yes,Cross intersection,Other injury accident,100 km/hr,142.70769,-38.39776,MOYNE,SOUTH WESTERN REGION,2,2,0,0,2,0,1,1,0,0,2,0,0,0,0,0,0,0,0,1,No,0,2,0,2,0,0,Country
13/02/2011,19.00.00,Yes,Collision with a fixed object,RIGHT OFF CARRIAGEWAY INTO OBJECT/PARKED VEHICLE,No,Day,Yes,Not at intersection,Other injury accident,100 km/hr,142.42328,-38.31466,MOYNE,SOUTH WESTERN REGION,4,2,0,0,2,2,2,2,0,2,2,0,0,0,0,0,0,0,0,1,No,0,2,0,2,0,0,Country
14/02/2011,16.00.00,No,Collision with vehicle,CROSS TRAFFIC(INTERSECTIONS ONLY),No,Day,Yes,Cross intersection,Other injury accident,100 km/hr,142.33022,-38.14861,MOYNE,SOUTH WESTERN REGION,2,1,0,0,1,1,1,1,0,0,2,0,0,0,0,0,0,0,0,1,No,0,2,0,2,0,0,Country
4/03/2011,06.45.00,No,Vehicle overturned (no collision),OFF CARRIAGEWAY TO LEFT,No,Day,Yes,Not at intersection,Other injury accident,100 km/hr,142.43169,-38.18475,MOYNE,SOUTH WESTERN REGION,1,1,0,0,1,0,0,1,0,0,1,0,0,0,0,0,0,0,0,0,No,0,1,0,1,0,0,Small Towns
6/03/2011,16.55.00,Yes,Collision with a fixed object,LEFT OFF CARRIAGEWAY INTO OBJECT/PARKED VEHICLE,No,Day,Yes,Not at intersection,Serious injury accident,100 km/hr,142.98045,-38.02179,MOYNE,SOUTH WESTERN REGION,2,1,0,1,0,1,0,2,0,1,1,0,0,0,0,0,0,0,0,0,No,0,1,0,1,0,0,Country
12/03/2011,09.50.00,No,Collision with vehicle,CROSS TRAFFIC(INTERSECTIONS ONLY),No,Day,No,Cross intersection,Fatal accident,60 km/hr,142.81399,-38.07793,MOYNE,SOUTH WESTERN REGION,3,1,1,0,0,2,1,2,0,1,2,0,0,0,0,0,0,0,1,0,No,0,2,0,2,0,0,Other Towns
20/03/2011,15.00.00,No,Struck animal,STRUCK ANIMAL,No,Day,No,Not at intersection,Other injury accident,100 km/hr,142.37663,-38.31901,MOYNE,SOUTH WESTERN REGION,1,1,0,0,1,0,1,0,0,0,1,0,0,0,0,0,0,0,0,0,No,0,1,0,1,0,0,Country
31/03/2011,00.15.00,Yes,Struck animal,STRUCK ANIMAL,No,Dark Street lights on,No,Not at intersection,Other injury accident,60 km/hr,142.36786,-38.30602,MOYNE,SOUTH WESTERN REGION,1,1,0,0,1,0,1,0,0,0,0,0,0,1,0,0,0,0,0,0,No,0,1,0,0,1,0,Other Towns
11/04/2011,06.00.00,Yes,Collision with a fixed object,OFF END OF ROAD/T-INTERSECTION.,No,Dark No street lights,Yes,T intersection,Other injury accident,100 km/hr,142.9236,-37.97513,MOYNE,SOUTH WESTERN REGION,1,1,0,0,1,0,1,0,0,0,1,0,0,0,0,0,0,0,0,1,No,0,1,0,1,0,0,Country
11/04/2011,06.30.00,No,collision with some other object,STRUCK OBJECT ON CARRIAGEWAY,No,Dark No street lights,Yes,Not at intersection,Serious injury accident,100 km/hr,142.16732,-38.131,MOYNE,SOUTH WESTERN REGION,2,1,0,1,0,1,2,0,0,1,1,0,0,0,0,0,0,0,0,0,No,0,1,0,1,0,0,Country
16/04/2011,00.30.00,Yes,Vehicle overturned (no collision),OFF CARRIAGEWAY ON LEFT BEND,No,Dark No street lights,Yes,Not at intersection,Serious injury accident,100 km/hr,142.58638,-38.08172,MOYNE,SOUTH WESTERN REGION,1,1,0,1,0,0,1,0,0,0,1,0,0,0,0,0,0,0,0,0,No,1,1,0,1,0,0,Country
5/05/2011,19.00.00,Yes,Collision with vehicle,RIGHT THROUGH,No,Dark Street lights on,Yes,T intersection,Serious injury accident,100 km/hr,142.3985,-38.32804,MOYNE,SOUTH WESTERN REGION,3,2,0,2,0,1,1,2,0,1,2,0,0,0,0,0,0,0,0,0,No,0,2,0,2,0,0,Country
17/05/2011,20.30.00,Yes,Vehicle overturned (no collision),OFF CARRIAGEWAY ON LEFT BEND,No,Dark No street lights,Yes,Not at intersection,Serious injury accident,100 km/hr,142.07384,-37.9631,MOYNE,SOUTH WESTERN REGION,1,1,0,1,0,0,1,0,0,0,1,0,0,0,0,0,0,0,0,0,No,0,1,1,0,0,0,Country
21/05/2011,21.49.00,Yes,Collision with a fixed object,OFF LEFT BEND INTO OBJECT/PARKED VEHICLE,No,Dark No street lights,Yes,Not at intersection,Serious injury accident,100 km/hr,141.9537,-38.15928,MOYNE,SOUTH WESTERN REGION,4,4,0,3,1,0,4,0,0,3,1,0,0,0,0,0,0,0,0,1,Yes,0,1,0,1,0,0,Country
27/05/2011,19.05.00,Yes,Struck animal,STRUCK ANIMAL,No,Dark No street lights,Yes,Not at intersection,Serious injury accident,100 km/hr,142.38426,-38.32811,MOYNE,SOUTH WESTERN REGION,1,1,0,1,0,0,0,1,0,0,1,0,0,0,0,0,0,0,0,0,No,0,1,0,1,0,0,Country
4/06/2011,11.00.00,No,Vehicle overturned (no collision),OFF CARRIAGEWAY TO RIGHT,No,Day,Yes,Not at intersection,Serious injury accident,70 km/hr,142.78663,-38.47134,MOYNE,SOUTH WESTERN REGION,1,1,0,1,0,0,0,1,0,0,1,0,0,0,0,0,0,0,0,1,No,0,1,0,1,0,0,Country
8/06/2011,18.40.00,Yes,Struck animal,STRUCK ANIMAL,No,Dark No street lights,Yes,Not at intersection,Serious injury accident,100 km/hr,142.84202,-38.38777,MOYNE,SOUTH WESTERN REGION,1,1,0,1,0,0,1,0,0,0,1,0,0,0,0,0,0,0,0,0,No,0,1,0,1,0,0,Country
29/06/2011,09.40.00,No,Collision with vehicle,U TURN,No,Day,Yes,Cross intersection,Serious injury accident,60 km/hr,142.80281,-38.08046,MOYNE,SOUTH WESTERN REGION,2,2,0,2,0,0,1,1,0,0,2,0,0,0,0,0,0,0,1,0,No,0,2,0,2,0,0,Other Towns
4/08/2011,10.00.00,No,No collision and no object struck,OFF CARRIAGEWAY ON RIGHT BEND,No,Day,Yes,Not at intersection,Serious injury accident,100 km/hr,142.42497,-37.90925,MOYNE,SOUTH WESTERN REGION,1,1,0,1,0,0,1,0,0,0,1,0,0,0,0,0,0,0,0,0,No,0,1,1,0,0,0,Country
13/08/2011,16.40.00,Yes,Collision with vehicle,REAR END(VEHICLES IN SAME LANE),No,Day,Yes,Not at intersection,Serious injury accident,100 km/hr,142.20955,-38.37522,MOYNE,SOUTH WESTERN REGION,2,1,0,1,0,1,2,0,1,0,1,0,0,0,0,0,0,0,0,0,No,0,2,0,1,0,0,Country
9/09/2011,13.00.00,No,Vehicle overturned (no collision),OFF CARRIAGEWAY ON RIGHT BEND,No,Day,Yes,Not at intersection,Serious injury accident,100 km/hr,142.56941,-37.97001,MOYNE,SOUTH WESTERN REGION,1,1,0,1,0,0,1,0,0,0,1,0,0,0,0,0,0,0,0,1,No,0,1,1,0,0,0,Country
27/09/2011,07.50.00,No,Struck Pedestrian,FAR SIDE. PED HIT BY VEHICLE FROM THE LEFT,No,Day,Yes,Not at intersection,Fatal accident,60 km/hr,142.23009,-38.37621,MOYNE,SOUTH WESTERN REGION,2,1,1,0,0,1,2,0,0,0,1,1,0,0,0,1,0,0,0,0,No,0,1,1,0,0,0,Other Towns
11/10/2011,14.15.00,No,Vehicle overturned (no collision),OUT OF CONTROL ON CARRIAGEWAY (ON STRAIGHT),No,Day,Yes,Not at intersection,Serious injury accident,40 km/hr,142.04899,-38.30831,MOYNE,SOUTH WESTERN REGION,1,1,0,1,0,0,1,0,0,0,0,0,0,1,0,0,0,0,0,0,No,0,1,0,0,1,0,Country
13/10/2011,13.00.00,No,Vehicle overturned (no collision),OFF CARRIAGEWAY TO LEFT,No,Day,Yes,T intersection,Serious injury accident,100 km/hr,142.70812,-38.33696,MOYNE,SOUTH WESTERN REGION,1,1,0,1,0,0,1,0,0,0,1,0,0,0,0,0,0,0,0,0,No,0,1,1,0,0,0,Country
23/10/2011,06.35.00,Yes,Collision with a fixed object,LEFT OFF CARRIAGEWAY INTO OBJECT/PARKED VEHICLE,No,Day,No,Not at intersection,Serious injury accident,100 km/hr,142.21156,-38.13868,MOYNE,SOUTH WESTERN REGION,1,1,0,1,0,0,1,0,0,0,1,0,0,0,0,0,0,0,0,1,No,0,1,0,1,0,0,Country
5/11/2011,17.20.00,Yes,Collision with a fixed object,RIGHT OFF CARRIAGEWAY INTO OBJECT/PARKED VEHICLE,No,Day,Yes,Not at intersection,Serious injury accident,100 km/hr,141.90518,-38.25082,MOYNE,SOUTH WESTERN REGION,4,4,0,4,0,0,1,3,0,3,1,0,0,0,0,0,0,0,0,0,No,0,1,0,1,0,0,Country
6/11/2011,13.18.00,No,Collision with vehicle,CROSS TRAFFIC(INTERSECTIONS ONLY),No,Day,Yes,Cross intersection,Serious injury accident,100 km/hr,142.40041,-38.3157,MOYNE,SOUTH WESTERN REGION,3,3,0,3,0,0,2,1,0,1,2,0,0,0,0,0,0,0,1,0,Yes,0,2,0,2,0,0,Country
8/11/2011,15.50.00,No,Collision with vehicle,HEAD ON (NOT OVERTAKING),No,Day,Yes,Not at intersection,Other injury accident,100 km/hr,142.46389,-38.31254,MOYNE,SOUTH WESTERN REGION,2,1,0,0,1,1,2,0,0,0,2,0,0,0,0,0,0,0,0,0,No,0,2,0,2,0,0,Country
16/11/2011,14.05.00,No,collision with some other object,LOAD OR MISSILE STRUCK VEHICLE,Yes,Day,No,Not at intersection,Other injury accident,100 km/hr,142.00747,-38.0412,MOYNE,SOUTH WESTERN REGION,2,1,0,0,1,1,0,1,0,0,2,0,0,0,0,0,0,0,0,0,No,0,2,1,1,0,0,Country
18/11/2011,16.20.00,Yes,Collision with vehicle,RIGHT THROUGH,No,Day,Yes,Not at intersection,Serious injury accident,100 km/hr,142.30395,-37.9582,MOYNE,SOUTH WESTERN REGION,3,2,0,1,1,1,2,1,0,1,2,0,0,0,0,0,0,0,0,0,No,0,2,0,2,0,0,Country
22/11/2011,00.30.00,Yes,Struck animal,STRUCK ANIMAL,No,Dark No street lights,Yes,Not at intersection,Other injury accident,100 km/hr,142.64297,-38.42139,MOYNE,SOUTH WESTERN REGION,1,1,0,0,1,0,0,1,0,0,1,0,0,0,0,0,0,0,0,0,No,0,1,0,1,0,0,Country
26/11/2011,11.00.00,No,Collision with a fixed object,LEFT OFF CARRIAGEWAY INTO OBJECT/PARKED VEHICLE,No,Day,No,Not at intersection,Serious injury accident,100 km/hr,142.74819,-38.34005,MOYNE,SOUTH WESTERN REGION,1,1,0,1,0,0,0,1,0,0,1,0,0,0,0,0,0,0,0,0,No,0,1,0,1,0,0,Country
30/11/2011,15.50.00,No,Vehicle overturned (no collision),OFF CARRIAGEWAY TO RIGHT,No,Day,Yes,Cross intersection,Serious injury accident,100 km/hr,142.72573,-38.39957,MOYNE,SOUTH WESTERN REGION,1,1,0,1,0,0,0,1,0,0,1,0,0,0,0,0,0,0,0,0,No,0,1,0,1,0,0,Country
4/12/2011,15.00.00,No,Collision with vehicle,VEHICLE STRIKES ANOTHER VEH WHILE EMERGING FROM DRIVEWAY,No,Day,Yes,Not at intersection,Serious injury accident,100 km/hr,142.72725,-38.24385,MOYNE,SOUTH WESTERN REGION,2,2,0,1,1,0,0,2,0,0,1,0,0,1,0,0,0,0,0,0,No,0,2,0,1,1,0,Country