ACCIDENT_DATE,ACCIDENT_TIME,ALCOHOLTIME,ACCIDENT_TYPE,DCA_CODE,HIT_RUN_FLAG,LIGHT_CONDITION,POLICE_ATTEND,ROAD_GEOMETRY,SEVERITY,SPEED_ZONE,LONGITUDE,LATITUDE,LGA_NAME,REGION_NAME,TOTAL_PERSONS,INJ_OR_FATAL,FATALITY,SERIOUSINJURY,OTHERINJURY,NONINJURED,MALES,FEMALES,BICYCLIST,PASSENGER,DRIVER,PEDESTRIAN,PILLION,MOTORIST,UNKNOWN,PED_CYCLIST_5_12,PED_CYCLIST_13_18,OLD_PEDESTRIAN,OLD_DRIVER,YOUNG_DRIVER,ALCOHOL_RELATED,UNLICENCSED,NO_OF_VEHICLES,HEAVYVEHICLE,PASSENGERVEHICLE,MOTORCYCLE,PUBLICVEHICLE,DEG_URBAN_NAME
26/04/2013,16.20.00,Yes,Collision with vehicle,RIGHT REAR.,No,Day,Yes,Not at intersection,Serious injury accident,100 km/hr,142.27846,-38.35869,MOYNE,SOUTH WESTERN REGION,2,2,0,1,1,0,1,1,0,0,2,0,0,0,0,0,0,0,0,0,No,0,2,0,2,0,0,Country
9/05/2013,07.45.00,No,Vehicle overturned (no collision),OUT OF CONTROL ON CARRIAGEWAY (ON BEND),No,Dusk/Dawn,Yes,Not at intersection,Serious injury accident,60 km/hr,142.22811,-38.38472,MOYNE,SOUTH WESTERN REGION,1,1,0,1,0,0,1,0,0,0,1,0,0,0,0,0,0,0,0,0,No,0,1,1,0,0,0,Other Towns
26/05/2013,19.00.00,Yes,Collision with vehicle,RIGHT FAR (INTERSECTIONS ONLY),No,Dark Street lights on,No,Cross intersection,Other injury accident,50 km/hr,142.80366,-38.07685,MOYNE,SOUTH WESTERN REGION,3,1,0,0,1,2,2,1,0,1,2,0,0,0,0,0,0,0,0,1,No,1,2,0,2,0,0,Other Towns
3/06/2013,15.30.00,No,Collision with vehicle,RIGHT NEAR (INTERSECTIONS ONLY),No,Day,No,T intersection,Other injury accident,100 km/hr,142.31674,-38.24851,MOYNE,SOUTH WESTERN REGION,2,1,0,0,1,1,1,1,0,0,2,0,0,0,0,0,0,0,1,0,No,0,2,0,2,0,0,Country
16/06/2013,10.53.00,No,Collision with a fixed object,RIGHT OFF CARRIAGEWAY INTO OBJECT/PARKED VEHICLE,No,Day,Yes,Cross intersection,Serious injury accident,100 km/hr,142.23539,-38.29173,MOYNE,SOUTH WESTERN REGION,3,2,0,2,0,1,2,1,0,2,1,0,0,0,0,0,0,0,0,0,Yes,0,1,0,1,0,0,Country
8/07/2013,07.22.00,No,Struck animal,STRUCK ANIMAL,No,Dusk/Dawn,Yes,Not at intersection,Other injury accident,100 km/hr,142.42082,-38.20908,MOYNE,SOUTH WESTERN REGION,1,1,0,0,1,0,1,0,0,0,1,0,0,0,0,0,0,0,0,0,No,0,1,0,1,0,0,Country
14/07/2013,11.45.00,No,Collision with vehicle,RIGHT REAR.,No,Day,Yes,Not at intersection,Other injury accident,100 km/hr,142.46729,-38.30006,MOYNE,SOUTH WESTERN REGION,4,1,0,0,1,3,2,2,0,2,2,0,0,0,0,0,0,0,0,1,No,0,2,0,2,0,0,Country
18/07/2013,21.55.00,Yes,Struck animal,STRUCK ANIMAL,No,Dark No street lights,No,Not at intersection,Other injury accident,100 km/hr,142.33045,-38.14108,MOYNE,SOUTH WESTERN REGION,1,1,0,0,1,0,0,1,0,0,1,0,0,0,0,0,0,0,0,0,No,0,1,0,1,0,0,Country
18/08/2013,19.10.00,Yes,Collision with vehicle,RIGHT NEAR (INTERSECTIONS ONLY),No,Dark Street lights on,Yes,T intersection,Serious injury accident,100 km/hr,142.3985,-38.32804,MOYNE,SOUTH WESTERN REGION,3,2,0,2,0,1,3,0,0,1,2,0,0,0,0,0,0,0,0,0,No,0,2,0,2,0,0,Country
19/08/2013,16.40.00,No,Collision with a fixed object,RIGHT OFF CARRIAGEWAY INTO OBJECT/PARKED VEHICLE,No,Day,Yes,Not at intersection,Other injury accident,100 km/hr,142.65775,-38.22087,MOYNE,SOUTH WESTERN REGION,1,1,0,0,1,0,1,0,0,0,1,0,0,0,0,0,0,0,0,0,No,0,1,0,1,0,0,Country
19/08/2013,08.00.00,No,Collision with a fixed object,LEFT OFF CARRIAGEWAY INTO OBJECT/PARKED VEHICLE,No,Day,Yes,Not at intersection,Other injury accident,100 km/hr,142.16777,-38.38338,MOYNE,SOUTH WESTERN REGION,1,1,0,0,1,0,0,1,0,0,1,0,0,0,0,0,0,0,0,0,No,0,1,0,1,0,0,Country
24/08/2013,19.15.00,Yes,Collision with vehicle,RIGHT REAR.,No,Dark Street lights on,Yes,Cross intersection,Serious injury accident,70 km/hr,142.73009,-38.33369,MOYNE,SOUTH WESTERN REGION,4,1,0,1,0,3,2,2,0,2,2,0,0,0,0,0,0,0,0,0,No,0,2,0,2,0,0,Country
25/08/2013,16.15.00,Yes,Collision with vehicle,REAR END(VEHICLES IN SAME LANE),No,Day,Yes,Not at intersection,Other injury accident,80 km/hr,142.37749,-38.31707,MOYNE,SOUTH WESTERN REGION,4,3,0,0,3,1,1,3,0,1,3,0,0,0,0,0,0,0,0,0,No,0,3,0,3,0,0,Country
20/09/2013,19.23.00,Yes,Collision with vehicle,REAR END(VEHICLES IN SAME LANE),No,Dark No street lights,Yes,Not at intersection,Serious injury accident,100 km/hr,142.34999,-38.2901,MOYNE,SOUTH WESTERN REGION,2,2,0,2,0,0,1,1,1,0,1,0,0,0,0,0,0,0,0,1,No,0,2,0,1,0,0,Country
21/09/2013,05.55.00,Yes,Collision with a fixed object,OFF RIGHT BEND INTO OBJECT/PARKED VEHICLE,No,Dark Street lights on,Yes,Not at intersection,Fatal accident,60 km/hr,142.22835,-38.38466,MOYNE,SOUTH WESTERN REGION,1,1,1,0,0,0,1,0,0,0,1,0,0,0,0,0,0,0,0,1,No,0,1,0,1,0,0,Other Towns
22/09/2013,14.50.00,No,Collision with vehicle,LEFT NEAR (INTERSECTIONS ONLY),No,Day,Yes,T intersection,Other injury accident,100 km/hr,142.37296,-38.32817,MOYNE,SOUTH WESTERN REGION,8,4,0,0,4,4,4,4,0,6,2,0,0,0,0,0,0,0,0,0,No,0,2,0,2,0,0,Country
30/09/2013,20.30.00,Yes,Collision with a fixed object,RIGHT OFF CARRIAGEWAY INTO OBJECT/PARKED VEHICLE,No,Dark No street lights,Yes,Not at intersection,Serious injury accident,100 km/hr,142.68194,-38.15074,MOYNE,SOUTH WESTERN REGION,1,1,0,1,0,0,0,1,0,0,1,0,0,0,0,0,0,0,0,1,No,0,1,0,1,0,0,Country
5/10/2013,14.00.00,Yes,Collision with a fixed object,OFF RIGHT BEND INTO OBJECT/PARKED VEHICLE,No,Day,Yes,Not at intersection,Serious injury accident,100 km/hr,142.74403,-38.20782,MOYNE,SOUTH WESTERN REGION,1,1,0,1,0,0,1,0,0,0,0,0,0,1,0,0,0,0,0,0,Yes,0,1,0,0,1,0,Country
19/10/2013,16.25.00,Yes,No collision and no object struck,OFF CARRIAGEWAY ON RIGHT BEND,No,Day,Yes,Not at intersection,Other injury accident,100 km/hr,142.7448,-38.49817,MOYNE,SOUTH WESTERN REGION,1,1,0,0,1,0,1,0,0,0,0,0,0,1,0,0,0,0,0,0,No,0,1,0,0,1,0,Country
24/10/2013,13.45.00,No,Collision with a fixed object,RIGHT OFF CARRIAGEWAY INTO OBJECT/PARKED VEHICLE,No,Day,Yes,Not at intersection,Serious injury accident,100 km/hr,142.33681,-38.33871,MOYNE,SOUTH WESTERN REGION,2,1,0,1,0,1,1,1,0,1,1,0,0,0,0,0,0,0,0,0,No,0,1,0,1,0,0,Country
27/10/2013,12.45.00,No,Collision with vehicle,RIGHT NEAR (INTERSECTIONS ONLY),No,Day,Yes,Cross intersection,Other injury accident,100 km/hr,142.61003,-38.38417,MOYNE,SOUTH WESTERN REGION,5,1,0,0,1,4,3,2,0,3,2,0,0,0,0,0,0,0,0,1,No,0,2,0,2,0,0,Country
2/11/2013,11.05.00,No,Collision with vehicle,CROSS TRAFFIC(INTERSECTIONS ONLY),No,Day,Yes,Cross intersection,Other injury accident,80 km/hr,142.4037,-38.29602,MOYNE,SOUTH WESTERN REGION,3,3,0,0,3,0,2,1,0,1,2,0,0,0,0,0,0,0,0,1,No,0,2,0,2,0,0,Country
10/11/2013,13.35.00,No,Collision with vehicle,CROSS TRAFFIC(INTERSECTIONS ONLY),No,Day,Yes,Cross intersection,Serious injury accident,50 km/hr,142.23373,-38.38736,MOYNE,SOUTH WESTERN REGION,2,2,0,1,1,0,0,2,0,0,2,0,0,0,0,0,0,0,1,0,No,0,2,0,2,0,0,Other Towns
11/11/2013,10.50.00,No,Collision with vehicle,CROSS TRAFFIC(INTERSECTIONS ONLY),No,Day,Yes,Cross intersection,Fatal accident,60 km/hr,142.81186,-38.07908,MOYNE,SOUTH WESTERN REGION,4,4,1,2,1,0,1,3,0,2,2,0,0,0,0,0,0,0,1,0,No,0,2,0,2,0,0,Other Towns
12/11/2013,19.10.00,Yes,Collision with vehicle,CROSS TRAFFIC(INTERSECTIONS ONLY),No,Day,Yes,Cross intersection,Serious injury accident,100 km/hr,142.19189,-38.27804,MOYNE,SOUTH WESTERN REGION,4,3,0,1,2,1,2,2,0,2,2,0,0,0,0,0,0,0,0,1,No,0,2,0,2,0,0,Country
23/11/2013,12.06.00,No,Collision with vehicle,RIGHT NEAR (INTERSECTIONS ONLY),No,Day,Yes,T intersection,Other injury accident,100 km/hr,142.62206,-38.38406,MOYNE,SOUTH WESTERN REGION,4,2,0,0,2,2,2,2,0,2,2,0,0,0,0,0,0,0,0,0,No,0,2,0,2,0,0,Country
29/11/2013,02.53.00,Yes,Collision with a fixed object,RIGHT OFF CARRIAGEWAY INTO OBJECT/PARKED VEHICLE,No,Dark No street lights,Yes,Not at intersection,Serious injury accident,100 km/hr,142.6261,-37.99432,MOYNE,SOUTH WESTERN REGION,1,1,0,1,0,0,1,0,0,0,1,0,0,0,0,0,0,0,0,0,No,0,1,1,0,0,0,Country
1/12/2013,12.45.00,No,Collision with vehicle,RIGHT/LEFT FAR (INTERSECTIONS ONLY),No,Day,Yes,T intersection,Serious injury accident,100 km/hr,142.28736,-38.34785,MOYNE,SOUTH WESTERN REGION,3,1,0,1,0,2,1,2,0,1,1,0,0,1,0,0,0,0,0,1,No,0,2,0,1,1,0,Country
4/12/2013,07.00.00,No,Collision with vehicle,CROSS TRAFFIC(INTERSECTIONS ONLY),No,Day,Yes,Cross intersection,Serious injury accident,80 km/hr,142.4037,-38.29602,MOYNE,SOUTH WESTERN REGION,3,2,0,2,0,1,2,1,0,1,2,0,0,0,0,0,0,0,0,1,No,0,2,1,1,0,0,Country
18/12/2013,10.10.00,No,Collision with vehicle,CROSS TRAFFIC(INTERSECTIONS ONLY),No,Day,Yes,Cross intersection,Other injury accident,60 km/hr,142.22943,-38.38064,MOYNE,SOUTH WESTERN REGION,2,1,0,0,1,1,1,1,0,0,2,0,0,0,0,0,0,0,0,0,No,0,2,0,2,0,0,Other Towns
23/12/2013,18.45.00,Yes,Collision with vehicle,REAR END(VEHICLES IN SAME LANE),No,Day,Yes,Not at intersection,Serious injury accident,100 km/hr,142.37926,-38.29344,MOYNE,SOUTH WESTERN REGION,6,6,0,1,5,0,2,4,0,4,2,0,0,0,0,0,0,0,0,1,No,0,2,0,2,0,0,Country
26/12/2013,17.50.00,No,Collision with vehicle,HEAD ON (NOT OVERTAKING),No,Day,Yes,Not at intersection,Serious injury accident,60 km/hr,142.23572,-38.36519,MOYNE,SOUTH WESTERN REGION,7,5,0,2,3,2,3,4,0,5,2,0,0,0,0,0,0,0,0,0,No,0,2,0,2,0,0,Other Towns
3/01/2014,00.16.00,Yes,Vehicle overturned (no collision),OFF CARRIAGEWAY ON RIGHT BEND,No,Dark No street lights,Yes,Not at intersection,Other injury accident,100 km/hr,142.54063,-38.24016,MOYNE,SOUTH WESTERN REGION,1,1,0,0,1,0,1,0,0,0,1,0,0,0,0,0,0,0,0,1,No,0,1,0,1,0,0,Country
6/01/2014,09.15.00,No,Collision with vehicle,VEHICLE STRIKES ANOTHER VEH WHILE EMERGING FROM DRIVEWAY,No,Day,Yes,Not at intersection,Other injury accident,60 km/hr,142.23002,-38.37676,MOYNE,SOUTH WESTERN REGION,2,1,0,0,1,1,0,2,1,0,1,0,0,0,0,0,0,0,0,0,No,0,2,0,1,0,0,Other Towns
7/01/2014,10.50.00,No,Collision with vehicle,RIGHT REAR.,No,Day,Yes,Not at intersection,Other injury accident,80 km/hr,142.86027,-38.59922,MOYNE,SOUTH WESTERN REGION,3,1,0,0,1,2,2,1,0,1,1,0,0,1,0,0,0,0,0,0,No,0,2,0,1,1,0,Country
22/01/2014,14.35.00,No,Collision with vehicle,CROSS TRAFFIC(INTERSECTIONS ONLY),No,Day,Yes,Cross intersection,Other injury accident,60 km/hr,142.35728,-38.29094,MOYNE,SOUTH WESTERN REGION,3,1,0,0,1,2,1,2,0,1,2,0,0,0,0,0,0,0,0,1,No,0,2,0,2,0,0,Other Towns
11/02/2014,17.40.00,No,Collision with a fixed object,OFF RIGHT BEND INTO OBJECT/PARKED VEHICLE,No,Day,Yes,Not at intersection,Other injury accident,80 km/hr,142.41608,-38.34759,MOYNE,SOUTH WESTERN REGION,1,1,0,0,1,0,0,1,0,0,1,0,0,0,0,0,0,0,0,1,No,0,1,0,1,0,0,Country
13/02/2014,11.15.00,No,Vehicle overturned (no collision),OFF CARRIAGEWAY TO RIGHT,No,Day,Yes,Not at intersection,Other injury accident,100 km/hr,142.74409,-38.31755,MOYNE,SOUTH WESTERN REGION,2,2,0,0,2,0,1,1,0,1,1,0,0,0,0,0,0,0,0,0,No,0,1,0,1,0,0,Country
27/02/2014,06.55.00,No,Struck animal,STRUCK ANIMAL,No,Dusk/Dawn,No,T intersection,Other injury accident,80 km/hr,142.35279,-38.30773,MOYNE,SOUTH WESTERN REGION,1,1,0,0,1,0,1,0,0,0,1,0,0,0,0,0,0,0,0,1,No,0,1,0,1,0,0,Country
5/03/2014,14.35.00,No,Collision with vehicle,RIGHT THROUGH,No,Day,Yes,T intersection,Other injury accident,100 km/hr,142.37296,-38.32817,MOYNE,SOUTH WESTERN REGION,3,3,0,0,3,0,0,3,0,1,2,0,0,0,0,0,0,0,0,2,No,0,2,0,2,0,0,Country
6/03/2014,09.15.00,No,Collision with vehicle,OTHER OPPOSING MANOEUVRES NOT INCLUDED IN DCAs 120-125.,No,Day,Yes,T intersection,Other injury accident,100 km/hr,142.90982,-38.04972,MOYNE,SOUTH WESTERN REGION,2,1,0,0,1,1,1,1,0,0,2,0,0,0,0,0,0,0,0,1,No,0,2,0,2,0,0,Country
6/03/2014,17.30.00,No,Vehicle overturned (no collision),OFF CARRIAGEWAY ON RIGHT BEND,No,Dusk/Dawn,No,Not at intersection,Serious injury accident,Not known,142.7749,-38.16985,MOYNE,SOUTH WESTERN REGION,1,1,0,1,0,0,1,0,0,0,1,0,0,0,0,0,0,0,0,1,No,0,1,0,1,0,0,Country
7/03/2014,14.10.00,No,Collision with vehicle,U TURN,No,Day,Yes,Not at intersection,Other injury accident,100 km/hr,142.67028,-38.43701,MOYNE,SOUTH WESTERN REGION,5,1,0,0,1,4,1,3,0,3,2,0,0,0,0,0,0,0,0,0,No,0,2,0,2,0,0,Country
8/03/2014,17.20.00,Yes,Collision with vehicle,CROSS TRAFFIC(INTERSECTIONS ONLY),No,Dusk/Dawn,Yes,Cross intersection,Serious injury accident,100 km/hr,142.76949,-38.19811,MOYNE,SOUTH WESTERN REGION,6,1,0,1,0,5,1,5,0,4,2,0,0,0,0,0,0,0,0,1,No,0,2,0,1,0,0,Country
8/03/2014,01.45.00,Yes,Struck Pedestrian,PED WALKING AGAINST TRAFFIC.,No,Dark No street lights,Yes,Not at intersection,Serious injury accident,50 km/hr,142.23413,-38.38503,MOYNE,SOUTH WESTERN REGION,2,1,0,1,0,1,2,0,0,0,1,1,0,0,0,0,0,0,0,0,Yes,0,1,0,1,0,0,Other Towns
12/03/2014,15.25.00,No,Collision with vehicle,RIGHT THROUGH,No,Day,Yes,Not at intersection,Serious injury accident,50 km/hr,142.23683,-38.38472,MOYNE,SOUTH WESTERN REGION,5,2,0,2,0,3,2,3,0,1,4,0,0,0,0,0,0,0,1,0,No,0,5,1,4,0,0,Other Towns
25/03/2014,10.40.00,No,Collision with a fixed object,LEFT OFF CARRIAGEWAY INTO OBJECT/PARKED VEHICLE,No,Day,Yes,Not at intersection,Other injury accident,100 km/hr,142.58773,-38.38476,MOYNE,SOUTH WESTERN REGION,1,1,0,0,1,0,1,0,0,0,1,0,0,0,0,0,0,0,0,0,No,1,1,0,0,0,0,Country
3/04/2014,11.27.00,No,Fall from or in moving vehicle,FELL IN/FROM VEHICLE,No,Day,Yes,T intersection,Other injury accident,60 km/hr,142.87913,-38.60724,MOYNE,SOUTH WESTERN REGION,2,1,0,0,1,1,1,1,0,1,1,0,0,0,0,0,0,0,0,1,No,0,1,0,1,0,0,Country
10/04/2014,04.40.00,Yes,Collision with a fixed object,LEFT OFF CARRIAGEWAY INTO OBJECT/PARKED VEHICLE,No,Dark No street lights,Yes,Not at intersection,Serious injury accident,100 km/hr,142.51654,-38.08631,MOYNE,SOUTH WESTERN REGION,1,1,0,1,0,0,1,0,0,0,1,0,0,0,0,0,0,0,0,1,No,0,1,0,1,0,0,Country
5/05/2014,04.15.00,Yes,Collision with a fixed object,LEFT OFF CARRIAGEWAY INTO OBJECT/PARKED VEHICLE,No,Dark No street lights,Yes,Not at intersection,Serious injury accident,100 km/hr,142.844,-38.45814,MOYNE,SOUTH WESTERN REGION,1,1,0,1,0,0,1,0,0,0,1,0,0,0,0,0,0,0,0,0,No,0,1,0,1,0,0,Country
12/05/2014,12.30.00,No,Collision with vehicle,REAR END(VEHICLES IN SAME LANE),No,Day,Yes,Not at intersection,Serious injury accident,100 km/hr,142.65817,-38.21695,MOYNE,SOUTH WESTERN REGION,2,1,0,1,0,1,1,1,0,0,1,0,0,0,1,0,0,0,0,0,No,1,2,0,1,0,0,Country
18/05/2014,13.00.00,No,Vehicle overturned (no collision),OFF CARRIAGEWAY TO LEFT,No,Day,Yes,Not at intersection,Other injury accident,100 km/hr,142.59479,-37.98205,MOYNE,SOUTH WESTERN REGION,1,1,0,0,1,0,1,0,0,0,1,0,0,0,0,0,0,0,0,1,No,0,1,1,0,0,0,Country
2/06/2014,09.50.00,No,Collision with a fixed object,OFF RIGHT BEND INTO OBJECT/PARKED VEHICLE,No,Day,Yes,Not at intersection,Other injury accident,100 km/hr,142.44636,-38.22932,MOYNE,SOUTH WESTERN REGION,1,1,0,0,1,0,1,0,0,0,1,0,0,0,0,0,0,0,0,0,No,0,1,1,0,0,0,Country
15/06/2014,14.30.00,No,Collision with vehicle,RIGHT REAR.,No,Day,Yes,Not at intersection,Serious injury accident,100 km/hr,142.26805,-38.36086,MOYNE,SOUTH WESTERN REGION,2,1,0,1,0,1,1,1,0,0,2,0,0,0,0,0,0,0,1,0,No,0,2,0,2,0,0,Country
21/06/2014,14.15.00,No,Collision with vehicle,REAR END(VEHICLES IN SAME LANE),No,Day,Yes,Not at intersection,Other injury accident,60 km/hr,142.22932,-38.38112,MOYNE,SOUTH WESTERN REGION,5,2,0,0,2,3,1,4,0,3,2,0,0,0,0,0,0,0,0,0,No,0,2,0,2,0,0,Other Towns
22/06/2014,18.50.00,Yes,Collision with a fixed object,RIGHT OFF CARRIAGEWAY INTO OBJECT/PARKED VEHICLE,No,Dusk/Dawn,Yes,T intersection,Other injury accident,100 km/hr,142.30147,-38.31047,MOYNE,SOUTH WESTERN REGION,1,1,0,0,1,0,1,0,0,0,1,0,0,0,0,0,0,0,0,0,No,0,1,0,1,0,0,Country
27/06/2014,21.00.00,Yes,collision with some other object,STRUCK OBJECT ON CARRIAGEWAY,No,Dark No street lights,Yes,Not at intersection,Fatal accident,100 km/hr,142.11139,-38.13617,MOYNE,SOUTH WESTERN REGION,8,4,3,0,1,4,6,2,0,5,1,2,0,0,0,0,0,0,0,0,No,0,2,0,2,0,0,Country
28/06/2014,19.10.00,Yes,Collision with vehicle,HEAD ON (NOT OVERTAKING),No,Dark No street lights,Yes,Not at intersection,Serious injury accident,100 km/hr,142.46527,-38.25263,MOYNE,SOUTH WESTERN REGION,2,2,0,1,1,0,0,2,0,0,2,0,0,0,0,0,0,0,0,1,No,0,2,0,2,0,0,Country
4/07/2014,19.21.00,Yes,Vehicle overturned (no collision),OUT OF CONTROL ON CARRIAGEWAY (ON STRAIGHT),No,Dark No street lights,Yes,Not at intersection,Serious injury accident,60 km/hr,142.79765,-37.88996,MOYNE,SOUTH WESTERN REGION,2,1,0,1,0,1,2,0,0,0,0,0,0,2,0,0,0,0,0,0,No,0,2,0,0,2,0,Country
6/07/2014,05.45.00,Yes,Collision with a fixed object,OFF RIGHT BEND INTO OBJECT/PARKED VEHICLE,No,Dark No street lights,No,Not at intersection,Serious injury accident,Not known,142.61775,-38.05334,MOYNE,SOUTH WESTERN REGION,2,2,0,2,0,0,1,1,0,1,1,0,0,0,0,0,0,0,0,0,No,0,1,0,1,0,0,Country
9/07/2014,19.00.00,Yes,Collision with a fixed object,OFF LEFT BEND INTO OBJECT/PARKED VEHICLE,No,Dark No street lights,Yes,Not at intersection,Serious injury accident,80 km/hr,142.8194,-38.08773,MOYNE,SOUTH WESTERN REGION,1,1,0,1,0,0,0,1,0,0,1,0,0,0,0,0,0,0,0,0,No,0,1,0,1,0,0,Country
25/07/2014,22.00.00,Yes,Struck animal,STRUCK ANIMAL,No,Dark No street lights,No,T intersection,Other injury accident,100 km/hr,142.25516,-38.15276,MOYNE,SOUTH WESTERN REGION,1,1,0,0,1,0,1,0,0,0,1,0,0,0,0,0,0,0,0,1,No,0,1,0,1,0,0,Country
7/08/2014,20.20.00,Yes,Struck animal,STRUCK ANIMAL,No,Dark No street lights,Yes,Not at intersection,Serious injury accident,100 km/hr,142.65919,-38.35205,MOYNE,SOUTH WESTERN REGION,3,1,0,1,0,2,1,2,0,2,1,0,0,0,0,0,0,0,0,0,No,0,1,0,1,0,0,Country
16/08/2014,07.00.00,Yes,Collision with vehicle,HEAD ON (NOT OVERTAKING),No,Dusk/Dawn,Yes,Not at intersection,Other injury accident,100 km/hr,142.36109,-38.33157,MOYNE,SOUTH WESTERN REGION,2,1,0,0,1,1,2,0,0,0,2,0,0,0,0,0,0,0,0,0,No,0,2,0,2,0,0,Country
21/08/2014,17.25.00,No,Collision with vehicle,HEAD ON (NOT OVERTAKING),No,Dusk/Dawn,Yes,Not at intersection,Serious injury accident,80 km/hr,142.80491,-38.29801,MOYNE,SOUTH WESTERN REGION,3,2,0,2,0,1,1,2,0,1,2,0,0,0,0,0,0,0,0,0,No,0,2,0,2,0,0,Country